{
	"info": {
		"_postman_id": "19e07d92-b3bb-4779-81e8-57a55418eedd",
		"name": "Example",
		"schema": "https://schema.getpostman.com/json/collection/v2.1.0/collection.json"
	},
	"item": [
		{
			"name": "01-delete-all-users",
			"event": [
				{
					"listen": "test",
					"script": {
						"id": "65670ee9-2d12-4b11-9bdc-5b1e2fdda21d",
						"exec": [
							"// The response as json",
							"let response = pm.response.json();",
							"",
							"pm.test('warninCount should be 0', function(){",
							"    pm.expect(response.warningCount).to.equal(0);",
							"});"
						],
						"type": "text/javascript"
					}
				}
			],
			"request": {
				"method": "DELETE",
				"header": [],
				"url": {
					"raw": "http://localhost:3000/rest/users",
					"protocol": "http",
					"host": [
						"localhost"
					],
					"port": "3000",
					"path": [
						"rest",
						"users"
					]
				}
			},
			"response": []
		},
		{
			"name": "02-check-no-users",
			"event": [
				{
					"listen": "test",
					"script": {
						"id": "c6fb7004-9672-46bb-9901-57270f4b0a95",
						"exec": [
							"// The response as json",
							"let response = pm.response.json();",
							"",
							"pm.test('no users should be left in db', function(){",
							"    pm.expect(response).to.deep.equal([]);",
							"});"
						],
						"type": "text/javascript"
					}
				}
			],
			"request": {
				"method": "GET",
				"header": [],
				"url": {
					"raw": "http://localhost:3000/rest/users",
					"protocol": "http",
					"host": [
						"localhost"
					],
					"port": "3000",
					"path": [
						"rest",
						"users"
					]
				}
			},
			"response": []
		},
		{
			"name": "03-create-users",
			"event": [
				{
					"listen": "prerequest",
					"script": {
						"id": "766819db-5ce4-44d8-802b-56830bd796ff",
						"exec": [
							"// Setting mockdata and counter as environement variables",
							"// Note: Environement variables can only be strings!",
							"if (!pm.environment.has(\"mockData\")) {",
							"    let mockData = [",
							"      {",
							"        \"firstName\": \"Jyoti\",",
							"        \"lastName\": \"Ollarenshaw\",",
							"        \"email\": \"jollarenshaw0@wikia.com\",",
							"        \"password\": \"EyepxpnYjV\"",
							"      },",
							"      {",
							"        \"firstName\": \"Chaunce\",",
							"        \"lastName\": \"Vatini\",",
							"        \"email\": \"cvatini1@studiopress.com\",",
							"        \"password\": \"iSNbZV\"",
							"      },",
							"      {",
							"        \"firstName\": \"Maurine\",",
							"        \"lastName\": \"Gerardet\",",
							"        \"email\": \"mgerardet2@boston.com\",",
							"        \"password\": \"g9m0Yf\"",
							"      },",
							"      {",
							"        \"firstName\": \"Harri\",",
							"        \"lastName\": \"Denniss\",",
							"        \"email\": \"hdenniss3@twitpic.com\",",
							"        \"password\": \"HJY8wAnQ9\"",
							"      },",
							"      {",
							"        \"firstName\": \"Nolie\",",
							"        \"lastName\": \"Fabbri\",",
							"        \"email\": \"nfabbri4@noaa.gov\",",
							"        \"password\": \"y9Sjfx\"",
							"      }",
							"    ];",
							"    pm.environment.set(\"counter\", 0);",
							"    pm.environment.set(\"mockData\", JSON.stringify(mockData));",
							" }",
							" ",
							" // Reading/parsing environment variables back to local variables",
							" let counter = pm.environment.get(\"counter\") / 1;",
							" let mockData = JSON.parse(pm.environment.get(\"mockData\"));",
							" let {firstName, lastName, email, password} = mockData[counter]",
							" // Save to environemnt for use in query",
							" pm.environment.set('firstName', firstName);",
							" pm.environment.set('lastName', lastName);",
							" pm.environment.set('email', email);",
							" pm.environment.set('password', password);",
							"  ",
							"  ",
							" "
						],
						"type": "text/javascript"
					}
				},
				{
					"listen": "test",
					"script": {
						"id": "1466bde0-4cdd-4f2d-a2af-98b38f861fc5",
						"exec": [
							"// The response as json",
							" let response = pm.response.json();",
							"",
							"// Reading/parsing environment variables back to local variables",
							"let counter = pm.environment.get(\"counter\") / 1;",
							"let mockData = JSON.parse(pm.environment.get(\"mockData\"));",
							" ",
							"// Add the insert id to the mockData and save to environment",
							"mockData[counter].id = response.insertId;",
							"pm.environment.set('mockData', JSON.stringify(mockData));",
							" ",
							"// Test affectedRows",
							"pm.test('affectedRows should be 1', function(){",
							"    pm.expect(response.affectedRows).to.equal(1);",
							"});",
							"",
							"// Increment the counter and save to environment",
							"counter++;",
							"pm.environment.set('counter', counter);",
							"",
							"// Run request again if more mockdata",
							"if(mockData[counter]){",
							"    postman.setNextRequest('03-create-users')",
							"}",
							""
						],
						"type": "text/javascript"
					}
				}
			],
			"request": {
				"method": "POST",
				"header": [
					{
						"key": "Content-Type",
						"name": "Content-Type",
						"value": "application/json",
						"type": "text"
					}
				],
				"body": {
					"mode": "raw",
					"raw": "{\n\t\"firstName\": \"{{firstName}}\",\n\t\"lastName\": \"{{lastName}}\",\n\t\"email\": \"{{email}}\",\n\t\"password\": \"{{password}}\"\n}",
					"options": {
						"raw": {
							"language": "json"
						}
					}
				},
				"url": {
					"raw": "http://localhost:3000/rest/users",
					"protocol": "http",
					"host": [
						"localhost"
					],
					"port": "3000",
					"path": [
						"rest",
						"users"
					]
				}
			},
			"response": []
		},
		{
			"name": "04-check-all-users-inserted",
			"event": [
				{
					"listen": "test",
					"script": {
						"id": "c936380a-bcac-48fc-b1be-b5096ccd7c20",
						"exec": [
							"// The response as json",
							" let response = pm.response.json();",
							"",
							"// Reading/parsing environment variable back to local variable",
							"let mockData = JSON.parse(pm.environment.get(\"mockData\"));",
							"",
							"// Test expected length",
							"// (deliberately misspellt length here to cause a fail)",
							"pm.test('length should be equal to mock data length', function(){",
							"    pm.expect(response.length).to.equal(mockData.length);",
							"});",
							"",
							"// Test that the response data is deep equal to mockdata",
							"pm.test('data in db should be same as mock data', function(){",
							"    pm.expect(response).to.deep.equal(mockData);",
							"});"
						],
						"type": "text/javascript"
					}
				}
			],
			"request": {
				"method": "GET",
				"header": [],
				"url": {
					"raw": "http://localhost:3000/rest/users",
					"protocol": "http",
					"host": [
						"localhost"
					],
					"port": "3000",
					"path": [
						"rest",
						"users"
					]
				}
			},
			"response": []
		}
	],
	"protocolProfileBehavior": {}
}